Date,Time,Artist,Song,Datetime,Title
2024-12-26,00:04,EUROPE,ROCK THE NIGHT,2024-12-26 00:04:00,El decálogo de Mariskal
2024-12-26,00:07,FRANZ FERDINAND,DO YOU WANT TO,2024-12-26 00:07:00,El decálogo de Mariskal
2024-12-26,00:11,JANIS JOPLIN,PIECE OF MY HEART,2024-12-26 00:11:00,El decálogo de Mariskal
2024-12-26,00:15,COLDPLAY,CLOCKS,2024-12-26 00:15:00,El decálogo de Mariskal
2024-12-26,00:20,RAMONES,SHEENA IS A PUNK ROCKER,2024-12-26 00:20:00,El decálogo de Mariskal
2024-12-26,00:23,NEIL YOUNG,ROCKIN IN THE FREE WORLD,2024-12-26 00:23:00,El decálogo de Mariskal
2024-12-26,00:28,KANSAS,DUST IN THE WIND,2024-12-26 00:28:00,El decálogo de Mariskal
2024-12-26,00:31,ADAMS BRYAN,18 TILL I DIE,2024-12-26 00:31:00,El decálogo de Mariskal
2024-12-26,00:35,U2,ELEVATION,2024-12-26 00:35:00,El decálogo de Mariskal
2024-12-26,00:39,BILLY JOEL,WE DIDN'T START THE FIRE,2024-12-26 00:39:00,El decálogo de Mariskal
2024-12-26,00:43,TOM PETTY,I WON'T BACK DOWN,2024-12-26 00:43:00,El decálogo de Mariskal
2024-12-26,00:46,MEAT LOAF,BAT OUT OF HELL,2024-12-26 00:46:00,El decálogo de Mariskal
2024-12-26,00:56,R.E.M.,MAN ON THE MOON,2024-12-26 00:56:00,El decálogo de Mariskal
2024-12-26,01:01,LEÑO,SORPRENDENTE,2024-12-26 01:01:00,RockFM noche
2024-12-26,01:05,AC/DC,HARD AS A ROCK,2024-12-26 01:05:00,RockFM noche
2024-12-26,01:09,SOUNDGARDEN,BLACK HOLE SUN,2024-12-26 01:09:00,RockFM noche
2024-12-26,01:15,FLEETWOOD MAC,GO YOUR OWN WAY,2024-12-26 01:15:00,RockFM noche
2024-12-26,01:19,THE BLACK KEYS,LONELY BOY,2024-12-26 01:19:00,RockFM noche
2024-12-26,01:22,THE POLICE,KING OF PAIN,2024-12-26 01:22:00,RockFM noche
2024-12-26,01:27,LEMONHEADS,MRS.ROBINSON,2024-12-26 01:27:00,RockFM noche
2024-12-26,01:30,VAN HALEN,JUMP,2024-12-26 01:30:00,RockFM noche
2024-12-26,01:34,EAGLES,HEARTACHE TONIGHT,2024-12-26 01:34:00,RockFM noche
2024-12-26,01:39,NICKELBACK,ROCKSTAR,2024-12-26 01:39:00,RockFM noche
2024-12-26,01:43,BOSTON,SMOKIN,2024-12-26 01:43:00,RockFM noche
2024-12-26,01:47,NIRVANA,LITHIUM,2024-12-26 01:47:00,RockFM noche
2024-12-26,01:51,GEORGE HARRISON,MY SWEET LORD,2024-12-26 01:51:00,RockFM noche
2024-12-26,01:56,THE CLASH,SHOULD I STAY OR SHOULD I GO,2024-12-26 01:56:00,RockFM noche
2024-12-26,01:59,ERIC CLAPTON,I SHOT THE SHERIFF,2024-12-26 01:59:00,RockFM noche
2024-12-26,02:04,OZZY OSBOURNE,"MAMA, I'M COMING HOME",2024-12-26 02:04:00,RockFM noche
2024-12-26,02:07,BILLY IDOL,MONY MONY,2024-12-26 02:07:00,RockFM noche
2024-12-26,02:13,TINA TURNER,STEAMY WINDOWS,2024-12-26 02:13:00,RockFM noche
2024-12-26,02:16,SCORPIONS,HOLIDAY,2024-12-26 02:16:00,RockFM noche
2024-12-26,02:23,MAGO DE OZ,LA COSTA DEL SILENCIO,2024-12-26 02:23:00,RockFM noche
2024-12-26,02:27,STEVE MILLER BAND,JET AIRLINER,2024-12-26 02:27:00,RockFM noche
2024-12-26,02:31,U2,NEW YEAR'S DAY,2024-12-26 02:31:00,RockFM noche
2024-12-26,02:35,STEPPENWOLF,BORN TO BE WILD,2024-12-26 02:35:00,RockFM noche
2024-12-26,02:38,THE PRETENDERS,BRASS IN POCKET,2024-12-26 02:38:00,RockFM noche
2024-12-26,02:42,LOS SUAVES,"DOLORES, SE LLAMABA LOLA",2024-12-26 02:42:00,RockFM noche
2024-12-26,02:47,MUSE,HYSTERIA,2024-12-26 02:47:00,RockFM noche
2024-12-26,02:50,ASIA,HEAT OF THE MOMENT,2024-12-26 02:50:00,RockFM noche
2024-12-26,02:54,RAMONES,ROCK 'N' ROLL HIGH SCHOOL,2024-12-26 02:54:00,RockFM noche
2024-12-26,02:56,SLADE,CUM ON FEEL THE NOIZE,2024-12-26 02:56:00,RockFM noche
2024-12-26,03:01,SPIN DOCTORS,TWO PRINCES,2024-12-26 03:01:00,RockFM noche
2024-12-26,03:05,ROBERT PALMER,JOHNNY AND MARY,2024-12-26 03:05:00,RockFM noche
2024-12-26,03:09,GUNS N' ROSES,KNOCKIN' ON HEAVEN'S DOOR,2024-12-26 03:09:00,RockFM noche
2024-12-26,03:15,POISON,NOTHIN BUT A GOOD TIME,2024-12-26 03:15:00,RockFM noche
2024-12-26,03:19,DAVID BOWIE,CHANGES,2024-12-26 03:19:00,RockFM noche
2024-12-26,03:22,THE RASMUS,IN THE SHADOWS,2024-12-26 03:22:00,RockFM noche
2024-12-26,03:26,GRAND FUNK RAILROAD,SOME KIND OF WONDERFUL,2024-12-26 03:26:00,RockFM noche
2024-12-26,03:29,THE OFFSPRING,COME OUT AND PLAY,2024-12-26 03:29:00,RockFM noche
2024-12-26,03:33,ALICE COOPER,POISON,2024-12-26 03:33:00,RockFM noche
2024-12-26,03:37,AMERICA,SISTER GOLDEN HAIR,2024-12-26 03:37:00,RockFM noche
2024-12-26,03:40,STAIND,IT'S BEEN A WHILE,2024-12-26 03:40:00,RockFM noche
2024-12-26,03:45,THE EAGLES,NEW KID IN TOWN,2024-12-26 03:45:00,RockFM noche
2024-12-26,03:50,DEF LEPPARD,LET'S GET ROCKED,2024-12-26 03:50:00,RockFM noche
2024-12-26,03:54,SUPERTRAMP,THE LOGICAL SONG,2024-12-26 03:54:00,RockFM noche
2024-12-26,03:59,GENESIS,INVISIBLE TOUCH,2024-12-26 03:59:00,RockFM noche
2024-12-26,04:02,PEARL JAM,EVEN FLOW,2024-12-26 04:02:00,RockFM noche
2024-12-26,04:07,HÉROES DEL SILENCIO,LA CHISPA ADECUADA,2024-12-26 04:07:00,RockFM noche
2024-12-26,04:12,BON JOVI,LIVIN' ON A PRAYER,2024-12-26 04:12:00,RockFM noche
2024-12-26,04:16,MEAT LOAF & CHER,DEAD RINGER FOR LOVE,2024-12-26 04:16:00,RockFM noche
2024-12-26,04:20,THE BOOMTOWN RATS,I DON'T LIKE MONDAYS,2024-12-26 04:20:00,RockFM noche
2024-12-26,04:24,MICK JAGGER,GOD GAVE ME EVERYTHING,2024-12-26 04:24:00,RockFM noche
2024-12-26,04:27,BOB SEGER,AGAINST THE WIND,2024-12-26 04:27:00,RockFM noche
2024-12-26,04:33,AC/DC,HELLS BELLS,2024-12-26 04:33:00,RockFM noche
2024-12-26,04:38,QUEEN,SOMEBODY TO LOVE,2024-12-26 04:38:00,RockFM noche
2024-12-26,04:43,INXS,NEED YOU TONIGHT,2024-12-26 04:43:00,RockFM noche
2024-12-26,04:47,AEROSMITH,EAT THE RICH,2024-12-26 04:47:00,RockFM noche
2024-12-26,04:50,RED HOT CHILI PEPPERS,CALIFORNICATION,2024-12-26 04:50:00,RockFM noche
2024-12-26,04:56,BLACK SABBATH,NEON KNIGHTS,2024-12-26 04:56:00,RockFM noche
2024-12-26,05:00,ELECTRIC LIGHT ORCHESTRA,ROCK AND ROLL IS KING,2024-12-26 05:00:00,RockFM noche
2024-12-26,05:03,LED ZEPPELIN,ROCK & ROLL,2024-12-26 05:03:00,RockFM noche
2024-12-26,05:07,FITO & FITIPALDIS,QUIERO BEBER HASTA PERDER EL CONTROL,2024-12-26 05:07:00,RockFM noche
2024-12-26,05:09,THE PRETENDERS,DON'T GET ME WRONG,2024-12-26 05:09:00,RockFM noche
2024-12-26,05:13,U2,ONE,2024-12-26 05:13:00,RockFM noche
2024-12-26,05:18,REO SPEEDWAGON,KEEP ON LOVING YOU,2024-12-26 05:18:00,RockFM noche
2024-12-26,05:21,JIMI HENDRIX,ALL ALONG THE WATCHTOWER,2024-12-26 05:21:00,RockFM noche
2024-12-26,05:25,NICKELBACK,HOW YOU REMIND ME,2024-12-26 05:25:00,RockFM noche
2024-12-26,05:29,EDWYN COLLINS,A GIRL LIKE YOU,2024-12-26 05:29:00,RockFM noche
2024-12-26,05:33,"BRYAN ADAMS, PACO DE LUCIA",HAVE YOU EVER REALLY LOVED A WOMAN,2024-12-26 05:33:00,RockFM noche
2024-12-26,05:38,VAN HALEN,(OH) PRETTY WOMAN,2024-12-26 05:38:00,RockFM noche
2024-12-26,05:41,FACES,STAY WITH ME,2024-12-26 05:41:00,RockFM noche
2024-12-26,05:46,FOO FIGHTERS,WALK,2024-12-26 05:46:00,RockFM noche
2024-12-26,05:50,TEARS FOR FEARS,SHOWING THE SEEDS OF LOVE,2024-12-26 05:50:00,RockFM noche
2024-12-26,05:56,BRUCE SPRINGSTEEN,BETTER DAYS,2024-12-26 05:56:00,RockFM noche
2024-12-26,06:00,IGGY POP,PASSENGER,2024-12-26 06:00:00,El Pirata y su banda
2024-12-26,06:04,THE POLICE,DON'T STAND SO CLOSE TO ME,2024-12-26 06:04:00,El Pirata y su banda
2024-12-26,06:08,IRON MAIDEN,CAN I PLAY WITH MADNESS,2024-12-26 06:08:00,El Pirata y su banda
2024-12-26,06:11,MEAT LOAF,I'D DO ANYTHING FOR LOVE,2024-12-26 06:11:00,El Pirata y su banda
2024-12-26,06:17,DIRE STRAITS,LADY WRITER,2024-12-26 06:17:00,El Pirata y su banda
2024-12-26,06:24,QUEEN,I WANT IT ALL,2024-12-26 06:24:00,El Pirata y su banda
2024-12-26,06:28,THE CURE,FRIDAY I'M IN LOVE,2024-12-26 06:28:00,El Pirata y su banda
2024-12-26,06:31,DIO,RAINBOW IN THE DARK,2024-12-26 06:31:00,El Pirata y su banda
2024-12-26,06:36,RED HOT CHILI PEPPERS,BY THE WAY,2024-12-26 06:36:00,El Pirata y su banda
2024-12-26,06:39,SURVIVOR,BURNING HEART,2024-12-26 06:39:00,El Pirata y su banda
2024-12-26,06:43,METALLICA,NOTHING ELSE MATTERS,2024-12-26 06:43:00,El Pirata y su banda
2024-12-26,06:52,AEROSMITH,DUDE (LOOKS LIKE A LADY),2024-12-26 06:52:00,El Pirata y su banda
2024-12-26,06:57,THE STROKES,LAST NITE,2024-12-26 06:57:00,El Pirata y su banda
2024-12-26,07:00,SCORPIONS,NO ONE LIKE YOU,2024-12-26 07:00:00,El Pirata y su banda
2024-12-26,07:05,HIM,WICKED GAME,2024-12-26 07:05:00,El Pirata y su banda
2024-12-26,07:09,THIN LIZZY,THE BOYS ARE BACK IN TOWN,2024-12-26 07:09:00,El Pirata y su banda
2024-12-26,07:20,THE WHO,WHO ARE YOU,2024-12-26 07:20:00,El Pirata y su banda
2024-12-26,07:29,THE OFFSPRING,SELF ESTEEM,2024-12-26 07:29:00,El Pirata y su banda
2024-12-26,07:33,U2,BEAUTIFUL DAY,2024-12-26 07:33:00,El Pirata y su banda
2024-12-26,07:38,BRYAN ADAMS,SUMMER OF '69,2024-12-26 07:38:00,El Pirata y su banda
2024-12-26,07:47,BLUR,SONG 2,2024-12-26 07:47:00,El Pirata y su banda
2024-12-26,07:49,WHITESNAKE,HERE I GO AGAIN,2024-12-26 07:49:00,El Pirata y su banda
2024-12-26,07:55,BRUCE SPRINGSTEEN,HUMAN TOUCH,2024-12-26 07:55:00,El Pirata y su banda
2024-12-26,08:00,T REX,GET IT ON,2024-12-26 08:00:00,El Pirata y su banda
2024-12-26,08:05,MR.BIG,WILD WORLD,2024-12-26 08:05:00,El Pirata y su banda
2024-12-26,08:10,GUNS N' ROSES,SWEET CHILD O' MINE,2024-12-26 08:10:00,El Pirata y su banda
2024-12-26,08:21,QUEEN,WE ARE THE CHAMPIONS,2024-12-26 08:21:00,El Pirata y su banda
2024-12-26,08:27,THE ROLLING STONES,GIMME SHELTER,2024-12-26 08:27:00,El Pirata y su banda
2024-12-26,08:31,THE PRIMITIVES,CRASH,2024-12-26 08:31:00,El Pirata y su banda
2024-12-26,08:35,NIRVANA,SMELLS LIKE TEEN SPIRIT,2024-12-26 08:35:00,El Pirata y su banda
2024-12-26,08:40,LED ZEPPELIN,WHOLE LOTTA LOVE,2024-12-26 08:40:00,El Pirata y su banda
2024-12-26,08:51,METALLICA,WHISKEY IN THE JAR,2024-12-26 08:51:00,El Pirata y su banda
2024-12-26,09:00,JOAN JETT & BLACKHEARTS,I LOVE ROCK AND ROLL,2024-12-26 09:00:00,El Pirata y su banda
2024-12-26,09:03,CREEDENCE CLEARWATER REVIVAL,TRAVELIN' BAND,2024-12-26 09:03:00,El Pirata y su banda
2024-12-26,09:05,BLONDIE,ONE WAY OR ANOTHER,2024-12-26 09:05:00,El Pirata y su banda
2024-12-26,09:09,LENNY KRAVITZ,FLY AWAY,2024-12-26 09:09:00,El Pirata y su banda
2024-12-26,09:18,RAM JAM,BLACK BETTY,2024-12-26 09:18:00,El Pirata y su banda
2024-12-26,09:24,DOVER,KING GEORGE,2024-12-26 09:24:00,El Pirata y su banda
2024-12-26,09:27,THE DOORS,LIGHT MY FIRE,2024-12-26 09:27:00,El Pirata y su banda
2024-12-26,09:34,JOHN LENNON,GIVE THE PEACE A CHANCE,2024-12-26 09:34:00,El Pirata y su banda
2024-12-26,09:39,IGGY POP,LUST FOR LIFE,2024-12-26 09:39:00,El Pirata y su banda
2024-12-26,09:50,GREEN DAY,BASKET CASE,2024-12-26 09:50:00,El Pirata y su banda
2024-12-26,09:53,DEREK & THE DOMINOS,LAYLA,2024-12-26 09:53:00,El Pirata y su banda
2024-12-26,09:57,BRUCE SPRINGSTEEN,HUNGRY HEART,2024-12-26 09:57:00,El Pirata y su banda
2024-12-26,10:00,QUEEN,THE SHOW MUST GO ON,2024-12-26 10:00:00,Marta Vázquez
2024-12-26,10:04,THE SWEET,BALLROOM BLITZ,2024-12-26 10:04:00,Marta Vázquez
2024-12-26,10:08,LOQUILLO Y TROGLODITAS,EL ROMPEOLAS,2024-12-26 10:08:00,Marta Vázquez
2024-12-26,10:13,BLUR,COUNTRY HOUSE,2024-12-26 10:13:00,Marta Vázquez
2024-12-26,10:17,AC/DC,HIGHWAY TO HELL,2024-12-26 10:17:00,Marta Vázquez
2024-12-26,10:21,STEVE MILLER BAND,ABRACADABRA,2024-12-26 10:21:00,Marta Vázquez
2024-12-26,10:26,JIMMY EAT WORLD,THE MIDDLE,2024-12-26 10:26:00,Marta Vázquez
2024-12-26,10:30,THE ROLLING STONES,BROWN SUGAR (Remaster 2015),2024-12-26 10:30:00,Marta Vázquez
2024-12-26,10:33,ROD STEWART,DOWNTOWN TRAIN,2024-12-26 10:33:00,Marta Vázquez
2024-12-26,10:37,AEROSMITH,DREAM ON,2024-12-26 10:37:00,Marta Vázquez
2024-12-26,10:41,ZZ TOP,GIMME ALL YOUR LOVING,2024-12-26 10:41:00,Marta Vázquez
2024-12-26,10:45,OASIS,DON'T LOOK BACK IN ANGER,2024-12-26 10:45:00,Marta Vázquez
2024-12-26,10:50,THE POLICE,ROXANNE,2024-12-26 10:50:00,Marta Vázquez
2024-12-26,10:53,GENESIS,JESUS HE KNOWS ME,2024-12-26 10:53:00,Marta Vázquez
2024-12-26,10:58,THE DARKNESS,I BELIEVE IN A THING CALLED LOVE,2024-12-26 10:58:00,Marta Vázquez
2024-12-26,11:07,SUPERTRAMP,GIVE A LITTLE BIT,2024-12-26 11:07:00,Marta Vázquez
2024-12-26,11:11,WHITESNAKE,FOOL FOR YOUR LOVING,2024-12-26 11:11:00,Marta Vázquez
2024-12-26,11:15,NEW RADICALS,YOU GET WHAT YOU GIVE,2024-12-26 11:15:00,Marta Vázquez
2024-12-26,11:20,DIRE STRAITS,WALK OF LIFE,2024-12-26 11:20:00,Marta Vázquez
2024-12-26,11:24,GERRY RAFFERTY,BAKER STREET,2024-12-26 11:24:00,Marta Vázquez
2024-12-26,11:29,KID ROCK,ALL SUMMER LONG,2024-12-26 11:29:00,Marta Vázquez
2024-12-26,11:34,LENNY KRAVITZ,AMERICAN WOMAN,2024-12-26 11:34:00,Marta Vázquez
2024-12-26,11:39,SIMPLE MINDS,DON'T YOU (FORGET ABOUT ME),2024-12-26 11:39:00,Marta Vázquez
2024-12-26,11:43,GARY MOORE,STILL GOT THE BLUES,2024-12-26 11:43:00,Marta Vázquez
2024-12-26,11:48,CREEDENCE CLEARWATER REVIVAL,HAVE YOU EVER SEEN TH,2024-12-26 11:48:00,Marta Vázquez
2024-12-26,11:50,BRUCE SPRINGSTEEN,BRILLIANT DISGUISE,2024-12-26 11:50:00,Marta Vázquez
2024-12-26,11:54,ROSENDO,AGRADECIDO,2024-12-26 11:54:00,Marta Vázquez
2024-12-26,11:59,THE JAM,TOWN CALLED MALICE,2024-12-26 11:59:00,Marta Vázquez
2024-12-26,12:01,GREEN DAY,HOLIDAY,2024-12-26 12:01:00,Marta Vázquez
2024-12-26,12:05,SURVIVOR,EYE OF THE TIGER,2024-12-26 12:05:00,Marta Vázquez
2024-12-26,12:09,THE WALLFLOWERS,ONE HEADLIGHT,2024-12-26 12:09:00,Marta Vázquez
2024-12-26,12:21,GEORGE HARRISON,GOT MY MIND SET ON YOU,2024-12-26 12:21:00,Marta Vázquez
2024-12-26,12:24,QUEEN,HAMMER TO FALL,2024-12-26 12:24:00,Marta Vázquez
2024-12-26,12:28,SANTANA,EUROPA,2024-12-26 12:28:00,Marta Vázquez
2024-12-26,12:33,STATUS QUO,WHAT YOU'RE PROPOSING,2024-12-26 12:33:00,Marta Vázquez
2024-12-26,12:37,DOVER,SERENADE,2024-12-26 12:37:00,Marta Vázquez
2024-12-26,12:41,ELTON JOHN,CROCODILE ROCK,2024-12-26 12:41:00,Marta Vázquez
2024-12-26,12:45,BON JOVI,RAISE YOUR HANDS,2024-12-26 12:45:00,Marta Vázquez
2024-12-26,12:49,METALLICA,ENTER SANDMAN,2024-12-26 12:49:00,Marta Vázquez
2024-12-26,12:55,KINGS OF LEON,SEX ON FIRE,2024-12-26 12:55:00,Marta Vázquez
2024-12-26,12:58,OASIS,WONDERWALL,2024-12-26 12:58:00,Marta Vázquez
2024-12-26,13:03,THE POLICE,SO LONELY,2024-12-26 13:03:00,Marta Vázquez
2024-12-26,13:08,THE ROLLING STONES,SYMPATHY FOR THE DEVIL,2024-12-26 13:08:00,Marta Vázquez
2024-12-26,13:13,BRYAN ADAMS,WHEN YOU'RE GONE,2024-12-26 13:13:00,Marta Vázquez
2024-12-26,13:17,DEF LEPPARD,PHOTOGRAPH,2024-12-26 13:17:00,Marta Vázquez
2024-12-26,13:21,THE CRANBERRIES,ZOMBIE,2024-12-26 13:21:00,Marta Vázquez
2024-12-26,13:31,LINKIN PARK,IN THE END,2024-12-26 13:31:00,Marta Vázquez
2024-12-26,13:35,THE DOOBIE BROTHERS,LONG TRAIN RUNNIN',2024-12-26 13:35:00,Marta Vázquez
2024-12-26,13:38,PAT BENATAR,WE BELONG,2024-12-26 13:38:00,Marta Vázquez
2024-12-26,13:42,PRIMAL SCREAM,ROCKS,2024-12-26 13:42:00,Marta Vázquez
2024-12-26,13:45,RAMONES,BLITZKRIEG BOP,2024-12-26 13:45:00,Marta Vázquez
2024-12-26,13:48,OZZY OSBOURNE,CRAZY TRAIN,2024-12-26 13:48:00,Marta Vázquez
2024-12-26,13:52,ZZ TOP,TUSH,2024-12-26 13:52:00,Marta Vázquez
2024-12-26,13:54,BRUCE SPRINGSTEEN,LUCKY TOWN,2024-12-26 13:54:00,Marta Vázquez
2024-12-26,13:58,JOAN JETT,I HATE MYSELF FOR LOVING YOU,2024-12-26 13:58:00,Marta Vázquez
2024-12-26,14:02,ERIC CLAPTON,I SHOT THE SHERIFF,2024-12-26 14:02:00,Marta Vázquez
2024-12-26,14:07,GUNS N' ROSES,WELCOME TO THE JUNGLE,2024-12-26 14:07:00,Marta Vázquez
2024-12-26,14:11,GREEN DAY,WHEN I COME AROUND,2024-12-26 14:11:00,Marta Vázquez
2024-12-26,14:14,FOREIGNER,COLD AS ICE,2024-12-26 14:14:00,Marta Vázquez
2024-12-26,14:17,EUROPE,FINAL COUNTDOWN,2024-12-26 14:17:00,Marta Vázquez
2024-12-26,14:22,BON JOVI,KEEP THE FAITH,2024-12-26 14:22:00,Marta Vázquez
2024-12-26,14:33,STATUS QUO,WHATEVER YOU WANT,2024-12-26 14:33:00,Nano Jaquotot
2024-12-26,14:37,DAVID BOWIE,LET'S DANCE,2024-12-26 14:37:00,Nano Jaquotot
2024-12-26,14:41,ALANIS MORISSETTE,YOU OUGHTA KNOW,2024-12-26 14:41:00,Nano Jaquotot
2024-12-26,14:45,AUDIOSLAVE,COCHISE,2024-12-26 14:45:00,Nano Jaquotot
2024-12-26,14:49,DON McLEAN,AMERICAN PIE,2024-12-26 14:49:00,Nano Jaquotot
2024-12-26,14:57,AC/DC,YOU SHOOK ME ALL NIGHT LONG,2024-12-26 14:57:00,Nano Jaquotot
2024-12-26,15:01,THE CRANBERRIES,LINGER,2024-12-26 15:01:00,Nano Jaquotot
2024-12-26,15:05,JET,ARE YOU GONNA BE MY GIRL,2024-12-26 15:05:00,Nano Jaquotot
2024-12-26,15:08,SCORPIONS,ROCK YOU LIKE A HURRICANE,2024-12-26 15:08:00,Nano Jaquotot
2024-12-26,15:13,SUPERGRASS,ALRIGHT,2024-12-26 15:13:00,Nano Jaquotot
2024-12-26,15:16,BOSTON,MORE THAN A FEELING,2024-12-26 15:16:00,Nano Jaquotot
2024-12-26,15:20,RED HOT CHILI PEPPERS,GIVE IT AWAY,2024-12-26 15:20:00,Nano Jaquotot
2024-12-26,15:25,DAVID LEE ROTH,THAT'S LIFE,2024-12-26 15:25:00,Nano Jaquotot
2024-12-26,15:28,BLONDIE,CALL ME,2024-12-26 15:28:00,Nano Jaquotot
2024-12-26,15:31,NIRVANA,COME AS YOU ARE,2024-12-26 15:31:00,Nano Jaquotot
2024-12-26,15:35,AEROSMITH,LOVE IN AN ELEVATOR,2024-12-26 15:35:00,Nano Jaquotot
2024-12-26,15:46,IRON MAIDEN,THE TROOPER,2024-12-26 15:46:00,Nano Jaquotot
2024-12-26,15:50,MUSE,KNIGHTS OF CYDONIA,2024-12-26 15:50:00,Nano Jaquotot
2024-12-26,15:56,THE ROLLING STONES,LIKE A ROLLING STONE,2024-12-26 15:56:00,Nano Jaquotot
2024-12-26,16:02,DIRE STRAITS,SULTANS OF SWING,2024-12-26 16:02:00,Nano Jaquotot
2024-12-26,16:08,INXS,NEW SENSATION,2024-12-26 16:08:00,Nano Jaquotot
2024-12-26,16:11,GUNS N' ROSES,DON'T CRY,2024-12-26 16:11:00,Nano Jaquotot
2024-12-26,16:16,EDWIN STARR,WAR,2024-12-26 16:16:00,Nano Jaquotot
2024-12-26,16:19,THE CLASH,LONDON CALLING,2024-12-26 16:19:00,Nano Jaquotot
2024-12-26,16:22,VAN MORRISON,BRIGHT SIDE OF THE ROAD,2024-12-26 16:22:00,Nano Jaquotot
2024-12-26,16:26,BRYAN ADAMS,PLEASE FORGIVE ME,2024-12-26 16:26:00,Nano Jaquotot
2024-12-26,16:31,LINKIN PARK,WHAT I'VE DONE,2024-12-26 16:31:00,Nano Jaquotot
2024-12-26,16:34,WHITESNAKE,STILL OF THE NIGHT,2024-12-26 16:34:00,Nano Jaquotot
2024-12-26,16:40,LYNYRD SKYNYRD,SWEET HOME ALABAMA,2024-12-26 16:40:00,Nano Jaquotot
2024-12-26,16:45,DOVER,DEVIL CAME TO ME,2024-12-26 16:45:00,Nano Jaquotot
2024-12-26,16:49,EUROPE,CARRIE,2024-12-26 16:49:00,Nano Jaquotot
2024-12-26,16:54,TOM PETTY & THE HEARTBREAKERS,LEARNING TO FLY,2024-12-26 16:54:00,Nano Jaquotot
2024-12-26,17:03,RED HOT CHILI PEPPERS,UNDER THE BRIDGE,2024-12-26 17:03:00,Nano Jaquotot
2024-12-26,17:07,BON JOVI,RUNAWAY,2024-12-26 17:07:00,Nano Jaquotot
2024-12-26,17:11,R.E.M.,IT'S THE END OF THE WORLD AS WE KNOW IT,2024-12-26 17:11:00,Nano Jaquotot
2024-12-26,17:15,BLACK SABBATH,PARANOID,2024-12-26 17:15:00,Nano Jaquotot
2024-12-26,17:18,U2,ANGEL OF HARLEM,2024-12-26 17:18:00,Nano Jaquotot
2024-12-26,17:21,FITO & FITIPALDIS,LA CASA POR EL TEJADO,2024-12-26 17:21:00,Nano Jaquotot
2024-12-26,17:26,THE OFFSPRING,WHY DON'T YOU GET A JOB,2024-12-26 17:26:00,Nano Jaquotot
2024-12-26,17:29,ELTON JOHN,ROCKET MAN,2024-12-26 17:29:00,Nano Jaquotot
2024-12-26,17:34,MIDNIGHT OIL,BEDS ARE BURNING,2024-12-26 17:34:00,Nano Jaquotot
2024-12-26,17:39,OASIS,ROLL WITH IT,2024-12-26 17:39:00,Nano Jaquotot
2024-12-26,17:43,DEEP PURPLE,SMOKE ON THE WATER,2024-12-26 17:43:00,Nano Jaquotot
2024-12-26,17:48,JOE COCKER,UNCHAIN MY HEART,2024-12-26 17:48:00,Nano Jaquotot
2024-12-26,17:53,ALANNAH MYLES,BLACK VELVET,2024-12-26 17:53:00,Nano Jaquotot
2024-12-26,17:58,OBÚS,VAMOS MUY BIEN,2024-12-26 17:58:00,Nano Jaquotot
2024-12-26,18:06,THE BEATLES,LET IT BE,2024-12-26 18:06:00,Rodrigo Garcinuño
2024-12-26,18:10,MUSE,UPRISING,2024-12-26 18:10:00,Rodrigo Garcinuño
2024-12-26,18:15,GUNS N' ROSES,CIVIL WAR,2024-12-26 18:15:00,Rodrigo Garcinuño
2024-12-26,18:23,VAN MORRISON,BROWN EYED GIRL,2024-12-26 18:23:00,Rodrigo Garcinuño
2024-12-26,18:27,TINA TURNER,SIMPLY THE BEST,2024-12-26 18:27:00,Rodrigo Garcinuño
2024-12-26,18:30,MARK KNOPFLER,GOING HOME (LOCAL HERO),2024-12-26 18:30:00,Rodrigo Garcinuño
2024-12-26,18:34,ELVIS PRESLEY,BURNING LOVE,2024-12-26 18:34:00,Rodrigo Garcinuño
2024-12-26,18:37,SCORPIONS,THE ZOO,2024-12-26 18:37:00,Rodrigo Garcinuño
2024-12-26,18:43,MUMFORD & SONS,I WILL WAIT,2024-12-26 18:43:00,Rodrigo Garcinuño
2024-12-26,18:48,DEF LEPPARD,POUR SOME SUGAR ON ME,2024-12-26 18:48:00,Rodrigo Garcinuño
2024-12-26,18:53,RADIOHEAD,CREEP,2024-12-26 18:53:00,Rodrigo Garcinuño
2024-12-26,18:57,ALICE COOPER,POISON,2024-12-26 18:57:00,Rodrigo Garcinuño
2024-12-26,19:01,R.E.M.,EVERYBODY HURTS,2024-12-26 19:01:00,Rodrigo Garcinuño
2024-12-26,19:07,JOAQUÍN SABINA,PACTO ENTRE CABALLEROS,2024-12-26 19:07:00,Rodrigo Garcinuño
2024-12-26,19:16,QUEEN,BREAKTHRU,2024-12-26 19:16:00,Rodrigo Garcinuño
2024-12-26,19:20,PEARL JAM,JEREMY,2024-12-26 19:20:00,Rodrigo Garcinuño
2024-12-26,19:26,STEVE MILLER BAND,SERENADE,2024-12-26 19:26:00,Rodrigo Garcinuño
2024-12-26,19:29,LOQUILLO Y TROGLODITAS,EL RITMO DEL GARAJE,2024-12-26 19:29:00,Rodrigo Garcinuño
2024-12-26,19:34,ALANIS MORISSETTE,IRONIC,2024-12-26 19:34:00,Rodrigo Garcinuño
2024-12-26,19:39,SEX PISTOLS,GOD SAVE THE QUEEN,2024-12-26 19:39:00,Rodrigo Garcinuño
2024-12-26,19:42,AC/DC,SHOOT TO THRILL,2024-12-26 19:42:00,Rodrigo Garcinuño
2024-12-26,19:48,THE OFFSPRING,PRETTY FLY (FOR A WHITE GUY),2024-12-26 19:48:00,Rodrigo Garcinuño
2024-12-26,19:51,WEEZER,ISLAND IN THE SUN,2024-12-26 19:51:00,Rodrigo Garcinuño
2024-12-26,19:54,KISS,LICK IT UP,2024-12-26 19:54:00,Rodrigo Garcinuño
2024-12-26,19:58,THE CRANBERRIES,DREAMS,2024-12-26 19:58:00,Rodrigo Garcinuño
2024-12-26,20:03,THE KNACK,MY SHARONA,2024-12-26 20:03:00,Rodrigo Garcinuño
2024-12-26,20:08,GUNS N' ROSES,PARADISE CITY,2024-12-26 20:08:00,Rodrigo Garcinuño
2024-12-26,20:15,GENESIS,I CAN'T DANCE,2024-12-26 20:15:00,Rodrigo Garcinuño
2024-12-26,20:19,VAN HALEN,YOU REALLY GOT ME,2024-12-26 20:19:00,Rodrigo Garcinuño
2024-12-26,20:28,HÉROES DEL SILENCIO,MALDITO DUENDE,2024-12-26 20:28:00,Rodrigo Garcinuño
2024-12-26,20:32,STATUS QUO,IN THE ARMY NOW,2024-12-26 20:32:00,Rodrigo Garcinuño
2024-12-26,20:36,T REX,GET IT ON,2024-12-26 20:36:00,Rodrigo Garcinuño
2024-12-26,20:41,LINKIN PARK,NUMB,2024-12-26 20:41:00,Rodrigo Garcinuño
2024-12-26,20:44,ROSENDO,PAN DE HIGO,2024-12-26 20:44:00,Rodrigo Garcinuño
2024-12-26,20:47,RED HOT CHILI PEPPERS,SCAR TISSUE,2024-12-26 20:47:00,Rodrigo Garcinuño
2024-12-26,20:51,AEROSMITH,COME TOGETHER,2024-12-26 20:51:00,Rodrigo Garcinuño
2024-12-26,20:54,TWISTED SISTER,WE'RE NOT GONNA TAKE IT,2024-12-26 20:54:00,Rodrigo Garcinuño
2024-12-26,20:58,RAY CHARLES,HIT THE ROAD JACK,2024-12-26 20:58:00,Rodrigo Garcinuño
2024-12-26,21:00,FREE,ALL RIGHT NOW,2024-12-26 21:00:00,RockFM Motel
2024-12-26,21:06,EXTREME,MORE THAN WORDS,2024-12-26 21:06:00,RockFM Motel
2024-12-26,21:10,VOLBEAT,LOLA MONTEZ,2024-12-26 21:10:00,RockFM Motel
2024-12-26,21:14,LOQUILLO Y TROGLODITAS,CADILLAC SOLITARIO (Remaster 30 Aniversario),2024-12-26 21:14:00,RockFM Motel
2024-12-26,21:18,HOLE,CELEBRITY SKIN,2024-12-26 21:18:00,RockFM Motel
2024-12-26,21:20,LED ZEPPELIN,STAIRWAY TO HEAVEN,2024-12-26 21:20:00,RockFM Motel
2024-12-26,21:29,LENNY KRAVITZ,ARE YOU GONNA GO MY WAY,2024-12-26 21:29:00,RockFM Motel
2024-12-26,21:37,PINK FLOYD,WISH YOU WERE HERE,2024-12-26 21:37:00,RockFM Motel
2024-12-26,21:42,THE OFFSPRING,KIDS AREN'T ALLRIGHT,2024-12-26 21:42:00,RockFM Motel
2024-12-26,21:44,WHITESNAKE,IS THIS LOVE,2024-12-26 21:44:00,RockFM Motel
2024-12-26,21:49,FOO FIGHTERS,BEST OF YOU,2024-12-26 21:49:00,RockFM Motel
2024-12-26,21:53,JOHN LENNON,STAND BY ME,2024-12-26 21:53:00,RockFM Motel
2024-12-26,21:57,EUROPE,CHEROKEE,2024-12-26 21:57:00,RockFM Motel
2024-12-26,22:01,RAGE AGAINST THE MACHINE,KILLING IN THE NAME,2024-12-26 22:01:00,RockFM Motel
2024-12-26,22:11,DEPECHE MODE,PERSONAL JESUS,2024-12-26 22:11:00,RockFM Motel
2024-12-26,22:14,PRESIDENTS OF THE U.S.A.,LUMP,2024-12-26 22:14:00,RockFM Motel
2024-12-26,22:17,JANIS JOPLIN,CRY BABY,2024-12-26 22:17:00,RockFM Motel
2024-12-26,22:21,KISS,CRAZY CRAZY NIGHTS,2024-12-26 22:21:00,RockFM Motel
2024-12-26,22:25,FRANZ FERDINAND,TAKE ME OUT,2024-12-26 22:25:00,RockFM Motel
2024-12-26,22:29,HEROES DEL SILENCIO,ENTRE DOS TIERRAS,2024-12-26 22:29:00,RockFM Motel
2024-12-26,22:35,STEPPENWOLF,BORN TO BE WILD,2024-12-26 22:35:00,RockFM Motel
2024-12-26,22:38,TINA TURNER,WHAT YOU GET IS WHAT YOU SEE,2024-12-26 22:38:00,RockFM Motel
2024-12-26,22:43,METALLICA,THE UNFORGIVEN,2024-12-26 22:43:00,RockFM Motel
2024-12-26,22:49,WOLFMOTHER,WOMAN,2024-12-26 22:49:00,RockFM Motel
2024-12-26,22:52,FOREIGNER,URGENT,2024-12-26 22:52:00,RockFM Motel
2024-12-26,23:01,TOTO,HOLD THE LINE,2024-12-26 23:01:00,RockFM Motel
2024-12-26,23:05,TWISTED SISTER,I WANNA ROCK,2024-12-26 23:05:00,RockFM Motel
2024-12-26,23:08,NICKELBACK,BURN IT TO THE GROUND,2024-12-26 23:08:00,RockFM Motel
2024-12-26,23:12,AC/DC,THUNDERSTRUCK,2024-12-26 23:12:00,RockFM Motel
2024-12-26,23:16,GARY MOORE,PARISIENNE WALKWAYS,2024-12-26 23:16:00,RockFM Motel
2024-12-26,23:20,DAVID BOWIE,STARMAN,2024-12-26 23:20:00,RockFM Motel
2024-12-26,23:24,THE BLACK CROWES,HARD TO HANDLE,2024-12-26 23:24:00,RockFM Motel
2024-12-26,23:27,MIKE OLDFIELD,MOONLIGHT SHADOW,2024-12-26 23:27:00,RockFM Motel
2024-12-26,23:30,GREEN DAY,BOULEVARD OF BROKEN DREAMS,2024-12-26 23:30:00,RockFM Motel
2024-12-26,23:35,DEEP PURPLE,BURN,2024-12-26 23:35:00,RockFM Motel
2024-12-26,23:41,DOVER,CHERRY LEE,2024-12-26 23:41:00,RockFM Motel
2024-12-26,23:44,PATTI SMITH,PEOPLE HAVE THE POWER,2024-12-26 23:44:00,RockFM Motel
2024-12-26,23:50,SUPERTRAMP,GOODBYE STRANGER,2024-12-26 23:50:00,RockFM Motel
2024-12-26,23:55,THE STRANGLERS,GOLDEN BROWN,2024-12-26 23:55:00,RockFM Motel
2024-12-26,23:58,THE OFFSPRING,SELF ESTEEM,2024-12-26 23:58:00,RockFM Motel
2024-12-25,00:00,BILLY IDOL,REBEL YELL,2024-12-25 00:00:00,RockFM noche
2024-12-25,00:05,METALLICA,NOTHING ELSE MATTERS,2024-12-25 00:05:00,RockFM noche
2024-12-25,00:11,IRON MAIDEN,CAN I PLAY WITH MADNESS,2024-12-25 00:11:00,RockFM noche
2024-12-25,00:15,GERRY RAFFERTY,BAKER STREET,2024-12-25 00:15:00,RockFM noche
2024-12-25,00:21,VOLBEAT,LOLA MONTEZ,2024-12-25 00:21:00,RockFM noche
2024-12-25,00:25,ALICE COOPER,SCHOOL'S OUT,2024-12-25 00:25:00,RockFM noche
2024-12-25,00:29,DEF LEPPARD,MAKE LOVE LIKE A MAN,2024-12-25 00:29:00,RockFM noche
2024-12-25,00:33,PAT BENATAR,WE BELONG,2024-12-25 00:33:00,RockFM noche
2024-12-25,00:36,THE SWEET,BALLROOM BLITZ,2024-12-25 00:36:00,RockFM noche
2024-12-25,00:40,FOO FIGHTERS,BEST OF YOU,2024-12-25 00:40:00,RockFM noche
2024-12-25,00:45,ELECTRIC LIGHT ORCHESTRA,ROCK AND ROLL IS KING,2024-12-25 00:45:00,RockFM noche
2024-12-25,00:48,BON JOVI,THESE DAYS,2024-12-25 00:48:00,RockFM noche
2024-12-25,00:53,RAM JAM,BLACK BETTY,2024-12-25 00:53:00,RockFM noche
2024-12-25,00:57,RAINBOW,I SURRENDER,2024-12-25 00:57:00,RockFM noche
2024-12-25,01:00,STEVE MILLER BAND,TAKE THE MONEY AND RUN,2024-12-25 01:00:00,RockFM noche
2024-12-25,01:04,RED HOT CHILI PEPPERS,GIVE IT AWAY,2024-12-25 01:04:00,RockFM noche
2024-12-25,01:08,GUNS N' ROSES,WELCOME TO THE JUNGLE,2024-12-25 01:08:00,RockFM noche
2024-12-25,01:13,BRUCE SPRINGSTEEN,THUNDER ROAD,2024-12-25 01:13:00,RockFM noche
2024-12-25,01:17,VAN MORRISON,BROWN EYED GIRL,2024-12-25 01:17:00,RockFM noche
2024-12-25,01:21,MUMFORD & SONS,I WILL WAIT,2024-12-25 01:21:00,RockFM noche
2024-12-25,01:25,GRAND FUNK RAILROAD,WE'RE AN AMERICAN BAND,2024-12-25 01:25:00,RockFM noche
2024-12-25,01:28,DAVID BOWIE,LET'S DANCE,2024-12-25 01:28:00,RockFM noche
2024-12-25,01:33,THE ROLLING STONES,SYMPATHY FOR THE DEVIL,2024-12-25 01:33:00,RockFM noche
2024-12-25,01:39,PINK FLOYD,MONEY,2024-12-25 01:39:00,RockFM noche
2024-12-25,01:45,OASIS,STAND BY ME,2024-12-25 01:45:00,RockFM noche
2024-12-25,01:51,WOLFMOTHER,WOMAN,2024-12-25 01:51:00,RockFM noche
2024-12-25,01:54,AEROSMITH,JANIE'S GOT A GUN,2024-12-25 01:54:00,RockFM noche
2024-12-25,01:59,KISS,ROCK AND ROLL ALL NITE,2024-12-25 01:59:00,RockFM noche
2024-12-25,02:02,BLUR,SONG 2,2024-12-25 02:02:00,RockFM noche
2024-12-25,02:04,IRON MAIDEN,NUMBER OF THE BEAST,2024-12-25 02:04:00,RockFM noche
2024-12-25,02:08,PLATERO Y TU,ALUCINANTE,2024-12-25 02:08:00,RockFM noche
2024-12-25,02:15,QUEEN,TIE YOUR MOTHER DOWN,2024-12-25 02:15:00,RockFM noche
2024-12-25,02:19,ALIEN ANT FARM,SMOOTH CRIMINAL,2024-12-25 02:19:00,RockFM noche
2024-12-25,02:22,FOREIGNER,URGENT,2024-12-25 02:22:00,RockFM noche
2024-12-25,02:27,TOM PETTY & THE HEARTBREAKERS,LEARNING TO FLY,2024-12-25 02:27:00,RockFM noche
2024-12-25,02:31,BON JOVI,BAD MEDICINE (Remaster 2014),2024-12-25 02:31:00,RockFM noche
2024-12-25,02:36,RAINBOW,ALL NIGHT LONG,2024-12-25 02:36:00,RockFM noche
2024-12-25,02:40,EVANESCENCE,BRING ME TO LIFE,2024-12-25 02:40:00,RockFM noche
2024-12-25,02:43,EDWYN COLLINS,A GIRL LIKE YOU,2024-12-25 02:43:00,RockFM noche
2024-12-25,02:47,GREEN DAY,WHEN I COME AROUND,2024-12-25 02:47:00,RockFM noche
2024-12-25,02:50,T REX,GET IT ON,2024-12-25 02:50:00,RockFM noche
2024-12-25,02:55,STEVE MILLER BAND,ABRACADABRA,2024-12-25 02:55:00,RockFM noche
2024-12-25,03:00,FOO FIGHTERS,LEARN TO FLY,2024-12-25 03:00:00,RockFM noche
2024-12-25,03:04,METALLICA,FUEL,2024-12-25 03:04:00,RockFM noche
2024-12-25,03:08,WHITESNAKE,IS THIS LOVE,2024-12-25 03:08:00,RockFM noche
2024-12-25,03:13,BRUCE SPRINGSTEEN,BADLANDS,2024-12-25 03:13:00,RockFM noche
2024-12-25,03:17,JANIS JOPLIN,PIECE OF MY HEART,2024-12-25 03:17:00,RockFM noche
2024-12-25,03:21,THE DARKNESS,I BELIEVE IN A THING CALLED LOVE,2024-12-25 03:21:00,RockFM noche
2024-12-25,03:24,HOOBASTANK,THE REASON,2024-12-25 03:24:00,RockFM noche
2024-12-25,03:28,JOAQUÍN SABINA,PACTO ENTRE CABALLEROS,2024-12-25 03:28:00,RockFM noche
2024-12-25,03:32,VAN HALEN,YOU REALLY GOT ME,2024-12-25 03:32:00,RockFM noche
2024-12-25,03:35,THE DOORS,ROADHOUSE BLUES,2024-12-25 03:35:00,RockFM noche
2024-12-25,03:39,"BRYAN ADAMS, PACO DE LUCIA",HAVE YOU EVER REALLY LOVED A WOMAN,2024-12-25 03:39:00,RockFM noche
2024-12-25,03:44,JIMMY EAT WORLD,THE MIDDLE,2024-12-25 03:44:00,RockFM noche
2024-12-25,03:47,KISS,LICK IT UP,2024-12-25 03:47:00,RockFM noche
2024-12-25,03:51,THE WHO,BABA O'RILEY,2024-12-25 03:51:00,RockFM noche
2024-12-25,03:56,THE ROLLING STONES,BROWN SUGAR (Remaster 2015),2024-12-25 03:56:00,RockFM noche
2024-12-25,04:00,OASIS,DON'T LOOK BACK IN ANGER,2024-12-25 04:00:00,RockFM noche
2024-12-25,04:04,NEIL YOUNG,ROCKIN IN THE FREE WORLD,2024-12-25 04:04:00,RockFM noche
2024-12-25,04:09,NEW RADICALS,YOU GET WHAT YOU GIVE,2024-12-25 04:09:00,RockFM noche
2024-12-25,04:14,STATUS QUO,DOWN DOWN,2024-12-25 04:14:00,RockFM noche
2024-12-25,04:19,THE BEATLES,HEY JUDE,2024-12-25 04:19:00,RockFM noche
2024-12-25,04:26,DOVER,KING GEORGE,2024-12-25 04:26:00,RockFM noche
2024-12-25,04:29,ERIC CLAPTON,MY FATHER'S EYES,2024-12-25 04:29:00,RockFM noche
2024-12-25,04:34,THE CRANBERRIES,LINGER,2024-12-25 04:34:00,RockFM noche
2024-12-25,04:39,SCORPIONS,NO ONE LIKE YOU,2024-12-25 04:39:00,RockFM noche
2024-12-25,04:43,RAINBOW,MAN ON THE SILVER MOUNTAIN,2024-12-25 04:43:00,RockFM noche
2024-12-25,04:47,LINKIN PARK,NUMB,2024-12-25 04:47:00,RockFM noche
2024-12-25,04:50,GARY MOORE,WALKING BY MYSELF,2024-12-25 04:50:00,RockFM noche
2024-12-25,04:53,DIRE STRAITS,THE BUG,2024-12-25 04:53:00,RockFM noche
2024-12-25,04:57,RAMONES,BLITZKRIEG BOP,2024-12-25 04:57:00,RockFM noche
2024-12-25,04:59,LOQUILLO Y TROGLODITAS,EL RITMO DEL GARAJE,2024-12-25 04:59:00,RockFM noche
2024-12-25,05:04,GREEN DAY,HITCHING A RIDE,2024-12-25 05:04:00,RockFM noche
2024-12-25,05:07,BLUR,COUNTRY HOUSE,2024-12-25 05:07:00,RockFM noche
2024-12-25,05:11,PHILL COLLINS,IN THE AIR TONIGHT,2024-12-25 05:11:00,RockFM noche
2024-12-25,05:16,KINGS OF LEON,USE SOMEBODY,2024-12-25 05:16:00,RockFM noche
2024-12-25,05:20,DAVID BOWIE,HEROES,2024-12-25 05:20:00,RockFM noche
2024-12-25,05:26,MUSE,HYSTERIA,2024-12-25 05:26:00,RockFM noche
2024-12-25,05:30,WHITESNAKE,STILL OF THE NIGHT,2024-12-25 05:30:00,RockFM noche
2024-12-25,05:36,SANTANA,EUROPA,2024-12-25 05:36:00,RockFM noche
2024-12-25,05:42,TOM PETTY,RUNNIN DOWN A DREAM,2024-12-25 05:42:00,RockFM noche
2024-12-25,05:46,PLATERO Y TU,EL ROCE DE TU CUERPO,2024-12-25 05:46:00,RockFM noche
2024-12-25,05:50,FRANZ FERDINAND,TAKE ME OUT,2024-12-25 05:50:00,RockFM noche
2024-12-25,05:54,BILLY JOEL,WE DIDN'T START THE FIRE,2024-12-25 05:54:00,RockFM noche
2024-12-25,05:59,VAN MORRISON,BRIGHT SIDE OF THE ROAD,2024-12-25 05:59:00,RockFM noche
2024-12-25,06:02,ELTON JOHN,CROCODILE ROCK,2024-12-25 06:02:00,El Pirata y su banda
2024-12-25,06:06,EXTREME,MORE THAN WORDS,2024-12-25 06:06:00,El Pirata y su banda
2024-12-25,06:10,FOREIGNER,COLD AS ICE,2024-12-25 06:10:00,El Pirata y su banda
2024-12-25,06:13,LENNY KRAVITZ,ALWAYS ON THE RUN,2024-12-25 06:13:00,El Pirata y su banda
2024-12-25,06:17,THE ROLLING STONES,LIKE A ROLLING STONE,2024-12-25 06:17:00,El Pirata y su banda
2024-12-25,06:22,BON JOVI,RAISE YOUR HANDS,2024-12-25 06:22:00,El Pirata y su banda
2024-12-25,06:27,BRYAN ADAMS,KIDS WANNA ROCK,2024-12-25 06:27:00,El Pirata y su banda
2024-12-25,06:29,THE CRANBERRIES,DREAMS,2024-12-25 06:29:00,El Pirata y su banda
2024-12-25,06:34,CREEDENCE CLEARWATER REVIVAL,FORTUNATE SON,2024-12-25 06:34:00,El Pirata y su banda
2024-12-25,06:36,EUROPE,FINAL COUNTDOWN,2024-12-25 06:36:00,El Pirata y su banda
2024-12-25,06:41,KID ROCK,ALL SUMMER LONG,2024-12-25 06:41:00,El Pirata y su banda
2024-12-25,06:46,TOTO,HOLD THE LINE,2024-12-25 06:46:00,El Pirata y su banda
2024-12-25,06:50,ALICE COOPER,POISON,2024-12-25 06:50:00,El Pirata y su banda
2024-12-25,06:54,OASIS,SUPERSONIC,2024-12-25 06:54:00,El Pirata y su banda
2024-12-25,06:59,GUNS N' ROSES,DON'T CRY,2024-12-25 06:59:00,El Pirata y su banda
2024-12-25,07:04,KISS,CRAZY CRAZY NIGHTS,2024-12-25 07:04:00,El Pirata y su banda
2024-12-25,07:07,GREEN DAY,HOLIDAY,2024-12-25 07:07:00,El Pirata y su banda
2024-12-25,07:11,GEORGE HARRISON,GOT MY MIND SET ON YOU,2024-12-25 07:11:00,El Pirata y su banda
2024-12-25,07:15,SLADE,CUM ON FEEL THE NOIZE,2024-12-25 07:15:00,El Pirata y su banda
2024-12-25,07:20,DOVER,SERENADE,2024-12-25 07:20:00,El Pirata y su banda
2024-12-25,07:24,ERIC CLAPTON,I SHOT THE SHERIFF,2024-12-25 07:24:00,El Pirata y su banda
2024-12-25,07:32,STEPPENWOLF,BORN TO BE WILD,2024-12-25 07:32:00,El Pirata y su banda
2024-12-25,07:36,OZZY OSBOURNE,CRAZY TRAIN,2024-12-25 07:36:00,El Pirata y su banda
2024-12-25,07:40,NICKELBACK,HOW YOU REMIND ME,2024-12-25 07:40:00,El Pirata y su banda
2024-12-25,07:44,LEÑO,QUE DESILUSIÓN,2024-12-25 07:44:00,El Pirata y su banda
2024-12-25,07:48,JOAN JETT,I HATE MYSELF FOR LOVING YOU,2024-12-25 07:48:00,El Pirata y su banda
2024-12-25,07:52,SPIN DOCTORS,TWO PRINCES,2024-12-25 07:52:00,El Pirata y su banda
2024-12-25,08:00,THE POLICE,SO LONELY,2024-12-25 08:00:00,El Pirata y su banda
2024-12-25,08:04,PLATERO Y TU,SI TU TE VAS,2024-12-25 08:04:00,El Pirata y su banda
2024-12-25,08:09,FREE,ALL RIGHT NOW,2024-12-25 08:09:00,El Pirata y su banda
2024-12-25,08:15,POISON,NOTHIN BUT A GOOD TIME,2024-12-25 08:15:00,El Pirata y su banda
2024-12-25,08:18,SANTANA & ROB THOMAS,SMOOTH,2024-12-25 08:18:00,El Pirata y su banda
2024-12-25,08:23,BON JOVI,LIVIN' ON A PRAYER,2024-12-25 08:23:00,El Pirata y su banda
2024-12-25,08:31,HEROES DEL SILENCIO,ENTRE DOS TIERRAS,2024-12-25 08:31:00,El Pirata y su banda
2024-12-25,08:37,THE DOOBIE BROTHERS,LONG TRAIN RUNNIN',2024-12-25 08:37:00,El Pirata y su banda
2024-12-25,08:41,AC/DC,THUNDERSTRUCK,2024-12-25 08:41:00,El Pirata y su banda
2024-12-25,08:46,WEEZER,ISLAND IN THE SUN,2024-12-25 08:46:00,El Pirata y su banda
2024-12-25,08:49,SUPERTRAMP,THE LOGICAL SONG,2024-12-25 08:49:00,El Pirata y su banda
2024-12-25,08:53,THE CLASH,LONDON CALLING,2024-12-25 08:53:00,El Pirata y su banda
2024-12-25,09:00,SUPERGRASS,ALRIGHT,2024-12-25 09:00:00,El Pirata y su banda
2024-12-25,09:03,INXS,NEW SENSATION,2024-12-25 09:03:00,El Pirata y su banda
2024-12-25,09:07,U2,I STILL HAVEN'T FOUND WHAT I AM LOOKING FOR,2024-12-25 09:07:00,El Pirata y su banda
2024-12-25,09:11,EAGLES,HEARTACHE TONIGHT,2024-12-25 09:11:00,El Pirata y su banda
2024-12-25,09:16,ROSENDO,AGRADECIDO,2024-12-25 09:16:00,El Pirata y su banda
2024-12-25,09:20,GRAND FUNK RAILROAD,SOME KIND OF WONDERFUL,2024-12-25 09:20:00,El Pirata y su banda
2024-12-25,09:27,LED ZEPPELIN,BLACK DOG,2024-12-25 09:27:00,El Pirata y su banda
2024-12-25,09:32,GARY MOORE,OUT IN THE FIELDS,2024-12-25 09:32:00,El Pirata y su banda
2024-12-25,09:36,FITO & FITIPALDIS,LA CASA POR EL TEJADO,2024-12-25 09:36:00,El Pirata y su banda
2024-12-25,09:41,BRYAN ADAMS,SOMEBODY,2024-12-25 09:41:00,El Pirata y su banda
2024-12-25,09:45,DIRE STRAITS,MONEY FOR NOTHING,2024-12-25 09:45:00,El Pirata y su banda
2024-12-25,09:48,THE OFFSPRING,WHY DON'T YOU GET A JOB,2024-12-25 09:48:00,El Pirata y su banda
2024-12-25,09:56,TINA TURNER,SIMPLY THE BEST,2024-12-25 09:56:00,El Pirata y su banda
2024-12-25,10:00,VAN HALEN,JUMP,2024-12-25 10:00:00,Marta Vázquez
2024-12-25,10:04,LEMONHEADS,MRS.ROBINSON,2024-12-25 10:04:00,Marta Vázquez
2024-12-25,10:07,STATUS QUO,WHATEVER YOU WANT,2024-12-25 10:07:00,Marta Vázquez
2024-12-25,10:11,THE PRETENDERS,DON'T GET ME WRONG,2024-12-25 10:11:00,Marta Vázquez
2024-12-25,10:15,GUNS N' ROSES,YOU COULD BE MINE,2024-12-25 10:15:00,Marta Vázquez
2024-12-25,10:21,PINK FLOYD,WISH YOU WERE HERE,2024-12-25 10:21:00,Marta Vázquez
2024-12-25,10:26,BON JOVI,RUNAWAY,2024-12-25 10:26:00,Marta Vázquez
2024-12-25,10:30,HÉROES DEL SILENCIO,MALDITO DUENDE,2024-12-25 10:30:00,Marta Vázquez
2024-12-25,10:34,NICKELBACK,ROCKSTAR,2024-12-25 10:34:00,Marta Vázquez
2024-12-25,10:38,RAMONES,ROCK & ROLL RADIO,2024-12-25 10:38:00,Marta Vázquez
2024-12-25,10:42,THE CURE,FRIDAY I'M IN LOVE,2024-12-25 10:42:00,Marta Vázquez
2024-12-25,10:46,DAVID BOWIE,STARMAN,2024-12-25 10:46:00,Marta Vázquez
2024-12-25,10:50,DEF LEPPARD,POUR SOME SUGAR ON ME,2024-12-25 10:50:00,Marta Vázquez
2024-12-25,10:55,PRIMAL SCREAM,ROCKS,2024-12-25 10:55:00,Marta Vázquez
2024-12-25,10:58,EDWIN STARR,WAR,2024-12-25 10:58:00,Marta Vázquez
2024-12-25,11:06,SCORPIONS,WIND OF CHANGE,2024-12-25 11:06:00,Marta Vázquez
2024-12-25,11:11,DEEP PURPLE,BURN,2024-12-25 11:11:00,Marta Vázquez
2024-12-25,11:17,BLONDIE,CALL ME,2024-12-25 11:17:00,Marta Vázquez
2024-12-25,11:21,THE OFFSPRING,COME OUT AND PLAY,2024-12-25 11:21:00,Marta Vázquez
2024-12-25,11:25,JOHN LENNON,STAND BY ME,2024-12-25 11:25:00,Marta Vázquez
2024-12-25,11:28,OBÚS,VAMOS MUY BIEN,2024-12-25 11:28:00,Marta Vázquez
2024-12-25,11:31,LINKIN PARK,WHAT I'VE DONE,2024-12-25 11:31:00,Marta Vázquez
2024-12-25,11:35,BLACK SABBATH,PARANOID,2024-12-25 11:35:00,Marta Vázquez
2024-12-25,11:38,MIKE OLDFIELD,MOONLIGHT SHADOW,2024-12-25 11:38:00,Marta Vázquez
2024-12-25,11:42,CREED,HIGHER,2024-12-25 11:42:00,Marta Vázquez
2024-12-25,11:47,PLATERO Y TU,TRAS LA BARRA,2024-12-25 11:47:00,Marta Vázquez
2024-12-25,11:50,ROBERT PALMER,JOHNNY AND MARY,2024-12-25 11:50:00,Marta Vázquez
2024-12-25,11:54,IGGY POP,PASSENGER,2024-12-25 11:54:00,Marta Vázquez
2024-12-25,11:58,MEAT LOAF & CHER,DEAD RINGER FOR LOVE,2024-12-25 11:58:00,Marta Vázquez
2024-12-25,12:03,ALANIS MORISSETTE,IRONIC,2024-12-25 12:03:00,Marta Vázquez
2024-12-25,12:06,AC/DC,SHOOT TO THRILL,2024-12-25 12:06:00,Marta Vázquez
2024-12-25,12:12,MARK KNOPFLER,GOING HOME (LOCAL HERO),2024-12-25 12:12:00,Marta Vázquez
2024-12-25,12:20,BOSTON,MORE THAN A FEELING,2024-12-25 12:20:00,Marta Vázquez
2024-12-25,12:24,THE CLASH,SHOULD I STAY OR SHOULD I GO,2024-12-25 12:24:00,Marta Vázquez
2024-12-25,12:27,RED HOT CHILI PEPPERS,SCAR TISSUE,2024-12-25 12:27:00,Marta Vázquez
2024-12-25,12:31,JIMI HENDRIX,ALL ALONG THE WATCHTOWER,2024-12-25 12:31:00,Marta Vázquez
2024-12-25,12:35,BILLY IDOL,MONY MONY,2024-12-25 12:35:00,Marta Vázquez
2024-12-25,12:40,GENESIS,I CAN'T DANCE,2024-12-25 12:40:00,Marta Vázquez
2024-12-25,12:44,MUSE,TIME IS RUNNING OUT,2024-12-25 12:44:00,Marta Vázquez
2024-12-25,12:48,GUNS N' ROSES,PARADISE CITY,2024-12-25 12:48:00,Marta Vázquez
2024-12-25,12:55,NIRVANA,COME AS YOU ARE,2024-12-25 12:55:00,Marta Vázquez
2024-12-25,12:58,EUROPE,SUPERSTITIOUS,2024-12-25 12:58:00,Marta Vázquez
2024-12-25,13:03,THE WHO,WHO ARE YOU,2024-12-25 13:03:00,Marta Vázquez
2024-12-25,13:08,STAIND,IT'S BEEN A WHILE,2024-12-25 13:08:00,Marta Vázquez
2024-12-25,13:13,TINA TURNER,WHAT YOU GET IS WHAT YOU SEE,2024-12-25 13:13:00,Marta Vázquez
2024-12-25,13:17,HEROES DEL SILENCIO,LA SIRENA VARADA,2024-12-25 13:17:00,Marta Vázquez
2024-12-25,13:22,SCORPIONS,BIG CITY NIGHTS,2024-12-25 13:22:00,Marta Vázquez
2024-12-25,13:30,U2,WHERE THE STREETS HAVE NO NAME (Remast.-Ed.30Anv),2024-12-25 13:30:00,Marta Vázquez
2024-12-25,13:35,RADIOHEAD,CREEP,2024-12-25 13:35:00,Marta Vázquez
2024-12-25,13:39,KISS,I WAS MADE FOR LOVIN YOU,2024-12-25 13:39:00,Marta Vázquez
2024-12-25,13:44,ROSENDO,PAN DE HIGO,2024-12-25 13:44:00,Marta Vázquez
2024-12-25,13:47,MR.BIG,WILD WORLD,2024-12-25 13:47:00,Marta Vázquez
2024-12-25,13:50,FACES,STAY WITH ME,2024-12-25 13:50:00,Marta Vázquez
2024-12-25,13:55,HIM,WICKED GAME,2024-12-25 13:55:00,Marta Vázquez
2024-12-25,13:59,WHITESNAKE,HERE I GO AGAIN,2024-12-25 13:59:00,Marta Vázquez
2024-12-25,14:04,THE OFFSPRING,PRETTY FLY (FOR A WHITE GUY),2024-12-25 14:04:00,Marta Vázquez
2024-12-25,14:07,THE RASMUS,IN THE SHADOWS,2024-12-25 14:07:00,Marta Vázquez
2024-12-25,14:11,PATTI SMITH,PEOPLE HAVE THE POWER,2024-12-25 14:11:00,Marta Vázquez
2024-12-25,14:16,ROY ORBISON,I DROVE ALL NIGHT,2024-12-25 14:16:00,Marta Vázquez
2024-12-25,14:19,THE KNACK,MY SHARONA,2024-12-25 14:19:00,Marta Vázquez
2024-12-25,14:25,DEPECHE MODE,PERSONAL JESUS,2024-12-25 14:25:00,Marta Vázquez
2024-12-25,14:33,DOVER,DEVIL CAME TO ME,2024-12-25 14:33:00,Nano Jaquotot
2024-12-25,14:37,MEAT LOAF,BAT OUT OF HELL,2024-12-25 14:37:00,Nano Jaquotot
2024-12-25,14:47,FOO FIGHTERS,WALK,2024-12-25 14:47:00,Nano Jaquotot
2024-12-25,14:51,MIDNIGHT OIL,BEDS ARE BURNING,2024-12-25 14:51:00,Nano Jaquotot
2024-12-25,14:55,BRYAN ADAMS,CAN'T STOP THIS THING WE STARTED,2024-12-25 14:55:00,Nano Jaquotot
2024-12-25,15:00,ELVIS PRESLEY,BURNING LOVE,2024-12-25 15:00:00,Nano Jaquotot
2024-12-25,15:02,TWISTED SISTER,I WANNA ROCK,2024-12-25 15:02:00,Nano Jaquotot
2024-12-25,15:05,MAGO DE OZ,LA COSTA DEL SILENCIO,2024-12-25 15:05:00,Nano Jaquotot
2024-12-25,15:09,BRUCE SPRINGSTEEN,LUCKY TOWN,2024-12-25 15:09:00,Nano Jaquotot
2024-12-25,15:13,PINK FLOYD,ANOTHER BRICK ON THE WALL (Part 2),2024-12-25 15:13:00,Nano Jaquotot
2024-12-25,15:16,BOB SEGER,AGAINST THE WIND,2024-12-25 15:16:00,Nano Jaquotot
2024-12-25,15:22,FITO & FITIPALDIS,QUIERO BEBER HASTA PERDER EL CONTROL,2024-12-25 15:22:00,Nano Jaquotot
2024-12-25,15:25,THE STRANGLERS,GOLDEN BROWN,2024-12-25 15:25:00,Nano Jaquotot
2024-12-25,15:28,STEVE MILLER BAND,SERENADE,2024-12-25 15:28:00,Nano Jaquotot
2024-12-25,15:32,U2,WITH OR WITHOUT YOU (Remaster 30 Aniversario),2024-12-25 15:32:00,Nano Jaquotot
2024-12-25,15:36,LOS SUAVES,"DOLORES, SE LLAMABA LOLA",2024-12-25 15:36:00,Nano Jaquotot
2024-12-25,15:45,SUPERTRAMP,GIVE A LITTLE BIT,2024-12-25 15:45:00,Nano Jaquotot
2024-12-25,15:49,HELLOWEEN,I WANT OUT,2024-12-25 15:49:00,Nano Jaquotot
2024-12-25,15:54,THE WHO,WON'T GET FOOLED AGAIN,2024-12-25 15:54:00,Nano Jaquotot
2024-12-25,16:02,MEREDITH BROOKS,BITCH,2024-12-25 16:02:00,Nano Jaquotot
2024-12-25,16:07,LED ZEPPELIN,ROCK & ROLL,2024-12-25 16:07:00,Nano Jaquotot
2024-12-25,16:10,SURVIVOR,BURNING HEART,2024-12-25 16:10:00,Nano Jaquotot
2024-12-25,16:14,HEROES DEL SILENCIO,MAR ADENTRO,2024-12-25 16:14:00,Nano Jaquotot
2024-12-25,16:18,CREEDENCE CLEARWATER REVIVAL,WHO'LL STOP THE RAIN,2024-12-25 16:18:00,Nano Jaquotot
2024-12-25,16:20,THE POLICE,EVERY BREATH YOU TAKE,2024-12-25 16:20:00,Nano Jaquotot
2024-12-25,16:24,METALLICA,THE UNFORGIVEN,2024-12-25 16:24:00,Nano Jaquotot
2024-12-25,16:30,NICKELBACK,BURN IT TO THE GROUND,2024-12-25 16:30:00,Nano Jaquotot
2024-12-25,16:34,AC/DC,ROCK N ROLL AIN'T NOISE POLLUTION,2024-12-25 16:34:00,Nano Jaquotot
2024-12-25,16:38,LENNY KRAVITZ,FLY AWAY,2024-12-25 16:38:00,Nano Jaquotot
2024-12-25,16:42,QUEEN,SOMEBODY TO LOVE,2024-12-25 16:42:00,Nano Jaquotot
2024-12-25,16:47,TEXAS,I DON'T WANT A LOVER,2024-12-25 16:47:00,Nano Jaquotot
2024-12-25,16:51,NEIL YOUNG,HEART OF GOLD,2024-12-25 16:51:00,Nano Jaquotot
2024-12-25,16:54,HOLE,CELEBRITY SKIN,2024-12-25 16:54:00,Nano Jaquotot
2024-12-25,17:02,ROY ORBISON,YOU GOT IT,2024-12-25 17:02:00,Nano Jaquotot
2024-12-25,17:05,BRUCE SPRINGSTEEN,BETTER DAYS,2024-12-25 17:05:00,Nano Jaquotot
2024-12-25,17:09,DAVID BOWIE,SPACE ODDITY,2024-12-25 17:09:00,Nano Jaquotot
2024-12-25,17:14,ZZ TOP,GIMME ALL YOUR LOVING,2024-12-25 17:14:00,Nano Jaquotot
2024-12-25,17:17,THE CRANBERRIES,ZOMBIE,2024-12-25 17:17:00,Nano Jaquotot
2024-12-25,17:23,RAMONES,I WANNA BE SEDATED,2024-12-25 17:23:00,Nano Jaquotot
2024-12-25,17:25,LOQUILLO Y TROGLODITAS,CADILLAC SOLITARIO (Remaster 30 Aniversario),2024-12-25 17:25:00,Nano Jaquotot
2024-12-25,17:29,GREEN DAY,BASKET CASE,2024-12-25 17:29:00,Nano Jaquotot
2024-12-25,17:32,SIMPLE PLAN,WELCOME TO MY LIFE,2024-12-25 17:32:00,Nano Jaquotot
2024-12-25,17:35,ALANIS MORISSETTE,YOU OUGHTA KNOW,2024-12-25 17:35:00,Nano Jaquotot
2024-12-25,17:40,THE ROLLING STONES,ANGIE,2024-12-25 17:40:00,Nano Jaquotot
2024-12-25,17:44,PRESIDENTS OF THE U.S.A.,LUMP,2024-12-25 17:44:00,Nano Jaquotot
2024-12-25,17:47,TWISTED SISTER,WE'RE NOT GONNA TAKE IT,2024-12-25 17:47:00,Nano Jaquotot
2024-12-25,17:50,GRAND FUNK RAILROAD,WE'RE AN AMERICAN BAND,2024-12-25 17:50:00,Nano Jaquotot
2024-12-25,17:54,COLDPLAY,SPEED OF SOUND,2024-12-25 17:54:00,Nano Jaquotot
2024-12-25,18:02,BRYAN ADAMS,WHEN YOU'RE GONE,2024-12-25 18:02:00,Rodrigo Garcinuño
2024-12-25,18:05,AMERICA,SISTER GOLDEN HAIR,2024-12-25 18:05:00,Rodrigo Garcinuño
2024-12-25,18:08,EUROPE,CHEROKEE,2024-12-25 18:08:00,Rodrigo Garcinuño
2024-12-25,18:13,THE WALLFLOWERS,ONE HEADLIGHT,2024-12-25 18:13:00,Rodrigo Garcinuño
2024-12-25,18:18,RAM JAM,BLACK BETTY,2024-12-25 18:18:00,Rodrigo Garcinuño
2024-12-25,18:22,THE POLICE,MESSAGE IN A BOTTLE,2024-12-25 18:22:00,Rodrigo Garcinuño
2024-12-25,18:27,THE BLACK KEYS,LONELY BOY,2024-12-25 18:27:00,Rodrigo Garcinuño
2024-12-25,18:30,JAMES BROWN,PAPA'S GOT A BRAND NEW BAG,2024-12-25 18:30:00,Rodrigo Garcinuño
2024-12-25,18:33,MEAT LOAF,I'D DO ANYTHING FOR LOVE,2024-12-25 18:33:00,Rodrigo Garcinuño
2024-12-25,18:38,THE SWEET,FOX ON THE RUN,2024-12-25 18:38:00,Rodrigo Garcinuño
2024-12-25,18:41,STATUS QUO,IN THE ARMY NOW,2024-12-25 18:41:00,Rodrigo Garcinuño
2024-12-25,18:45,ERIC CLAPTON,TEARS IN HEAVEN,2024-12-25 18:45:00,Rodrigo Garcinuño
2024-12-25,18:50,VAN HALEN,YOU REALLY GOT ME,2024-12-25 18:50:00,Rodrigo Garcinuño
2024-12-25,18:53,SUPERTRAMP,GOODBYE STRANGER,2024-12-25 18:53:00,Rodrigo Garcinuño
2024-12-25,18:59,PLATERO Y TU,ALUCINANTE,2024-12-25 18:59:00,Rodrigo Garcinuño
2024-12-25,19:02,MEN AT WORK,DOWN UNDER,2024-12-25 19:02:00,Rodrigo Garcinuño
2024-12-25,19:09,IRON MAIDEN,THE TROOPER,2024-12-25 19:09:00,Rodrigo Garcinuño
2024-12-25,19:13,PATTI SMITH,BECAUSE THE NIGHT,2024-12-25 19:13:00,Rodrigo Garcinuño
2024-12-25,19:17,STRAY CATS,ROCK THIS TOWN,2024-12-25 19:17:00,Rodrigo Garcinuño
2024-12-25,19:19,BON JOVI,HAVE A NICE DAY,2024-12-25 19:19:00,Rodrigo Garcinuño
2024-12-25,19:24,FLEETWOOD MAC,DON'T STOP,2024-12-25 19:24:00,Rodrigo Garcinuño
2024-12-25,19:27,JOAN JETT & BLACKHEARTS,I LOVE ROCK AND ROLL,2024-12-25 19:27:00,Rodrigo Garcinuño
2024-12-25,19:30,OASIS,ROLL WITH IT,2024-12-25 19:30:00,Rodrigo Garcinuño
2024-12-25,19:34,THE ALL-ALMERICAN REJECTS,MOVE ALONG,2024-12-25 19:34:00,Rodrigo Garcinuño
2024-12-25,19:38,JANIS JOPLIN,CRY BABY,2024-12-25 19:38:00,Rodrigo Garcinuño
2024-12-25,19:42,WHITESNAKE,FOOL FOR YOUR LOVING,2024-12-25 19:42:00,Rodrigo Garcinuño
2024-12-25,19:46,LENNY KRAVITZ,AMERICAN WOMAN,2024-12-25 19:46:00,Rodrigo Garcinuño
2024-12-25,19:51,THE WHO,BABA O'RILEY,2024-12-25 19:51:00,Rodrigo Garcinuño
2024-12-25,19:56,ROD STEWART,DOWNTOWN TRAIN,2024-12-25 19:56:00,Rodrigo Garcinuño
2024-12-25,20:00,AUDIOSLAVE,COCHISE,2024-12-25 20:00:00,Rodrigo Garcinuño
2024-12-25,20:04,CREEDENCE CLEARWATER REVIVAL,HAVE YOU EVER SEEN TH,2024-12-25 20:04:00,Rodrigo Garcinuño
2024-12-25,20:06,SCORPIONS,SEND ME AN ANGEL,2024-12-25 20:06:00,Rodrigo Garcinuño
2024-12-25,20:11,THE ROLLING STONES,START ME UP,2024-12-25 20:11:00,Rodrigo Garcinuño
2024-12-25,20:14,THE BLACK CROWES,HARD TO HANDLE,2024-12-25 20:14:00,Rodrigo Garcinuño
2024-12-25,20:23,TOTO,AFRICA,2024-12-25 20:23:00,Rodrigo Garcinuño
2024-12-25,20:27,NIRVANA,SMELLS LIKE TEEN SPIRIT,2024-12-25 20:27:00,Rodrigo Garcinuño
2024-12-25,20:32,ELTON JOHN,ROCKET MAN,2024-12-25 20:32:00,Rodrigo Garcinuño
2024-12-25,20:37,KINGS OF LEON,SEX ON FIRE,2024-12-25 20:37:00,Rodrigo Garcinuño
2024-12-25,20:41,THE PRIMITIVES,CRASH,2024-12-25 20:41:00,Rodrigo Garcinuño
2024-12-25,20:43,DEEP PURPLE,SMOKE ON THE WATER,2024-12-25 20:43:00,Rodrigo Garcinuño
2024-12-25,20:49,ERIC CLAPTON,CHANGE THE WORLD,2024-12-25 20:49:00,Rodrigo Garcinuño
2024-12-25,20:53,THE SMASHING PUMPKINS,1979,2024-12-25 20:53:00,Rodrigo Garcinuño
2024-12-25,20:57,THE POLICE,ROXANNE,2024-12-25 20:57:00,Rodrigo Garcinuño
2024-12-25,21:01,QUEEN,BOHEMIAN RHAPSODY,2024-12-25 21:01:00,RockFM Motel
2024-12-25,21:07,SUPERGRASS,ALRIGHT,2024-12-25 21:07:00,RockFM Motel
2024-12-25,21:10,GREEN DAY,21 GUNS,2024-12-25 21:10:00,RockFM Motel
2024-12-25,21:14,AC/DC,YOU SHOOK ME ALL NIGHT LONG,2024-12-25 21:14:00,RockFM Motel
2024-12-25,21:18,GARY MOORE,STILL GOT THE BLUES,2024-12-25 21:18:00,RockFM Motel
2024-12-25,21:22,DIRE STRAITS,SULTANS OF SWING,2024-12-25 21:22:00,RockFM Motel
2024-12-25,21:28,DOVER,CHERRY LEE,2024-12-25 21:28:00,RockFM Motel
2024-12-25,21:37,DAVID BOWIE,LIFE ON MARS,2024-12-25 21:37:00,RockFM Motel
2024-12-25,21:41,R.E.M.,LOSING MY RELIGION,2024-12-25 21:41:00,RockFM Motel
2024-12-25,21:45,TOM PETTY,FREE FALLIN,2024-12-25 21:45:00,RockFM Motel
2024-12-25,21:50,JET,ARE YOU GONNA BE MY GIRL,2024-12-25 21:50:00,RockFM Motel
2024-12-25,21:53,DEF LEPPARD,PHOTOGRAPH,2024-12-25 21:53:00,RockFM Motel
2024-12-25,21:58,SUPERTRAMP,BREAKFAST IN AMERICA,2024-12-25 21:58:00,RockFM Motel
2024-12-25,22:00,U2,PRIDE (IN THE NAME OF LOVE),2024-12-25 22:00:00,RockFM Motel
2024-12-25,22:04,NO DOUBT,JUST A GIRL,2024-12-25 22:04:00,RockFM Motel
2024-12-25,22:12,EAGLES,HOTEL CALIFORNIA,2024-12-25 22:12:00,RockFM Motel
2024-12-25,22:18,MUSE,UPRISING,2024-12-25 22:18:00,RockFM Motel
2024-12-25,22:23,STATUS QUO,WHAT YOU'RE PROPOSING,2024-12-25 22:23:00,RockFM Motel
2024-12-25,22:27,ALANNAH MYLES,BLACK VELVET,2024-12-25 22:27:00,RockFM Motel
2024-12-25,22:32,IRON MAIDEN,RUN TO THE HILLS,2024-12-25 22:32:00,RockFM Motel
2024-12-25,22:36,RED HOT CHILI PEPPERS,GIVE IT AWAY,2024-12-25 22:36:00,RockFM Motel
2024-12-25,22:41,ZZ TOP,LA GRANGE,2024-12-25 22:41:00,RockFM Motel
2024-12-25,22:44,FITO & FITIPALDIS,PARA TODA LA VIDA,2024-12-25 22:44:00,RockFM Motel
2024-12-25,22:47,JOE COCKER,UNCHAIN MY HEART,2024-12-25 22:47:00,RockFM Motel
2024-12-25,22:53,AEROSMITH,AMAZING,2024-12-25 22:53:00,RockFM Motel
2024-12-25,22:58,THE JAM,TOWN CALLED MALICE,2024-12-25 22:58:00,RockFM Motel
2024-12-25,23:06,AIRBOURNE,RUNNIN' WILD,2024-12-25 23:06:00,RockFM Motel
2024-12-25,23:09,GUNS N' ROSES,SWEET CHILD O' MINE,2024-12-25 23:09:00,RockFM Motel
2024-12-25,23:15,OASIS,STAND BY ME,2024-12-25 23:15:00,RockFM Motel
2024-12-25,23:22,IKE & TINA TURNER,PROUD MARY,2024-12-25 23:22:00,RockFM Motel
2024-12-25,23:26,WITHIN TEMPTATION,STAND MY GROUND,2024-12-25 23:26:00,RockFM Motel
2024-12-25,23:31,THE POLICE,WALKING ON THE MOON,2024-12-25 23:31:00,RockFM Motel
2024-12-25,23:35,NIRVANA,THE MAN WHO SOLD THE WORLD,2024-12-25 23:35:00,RockFM Motel
2024-12-25,23:39,THE ROLLING STONES,JUMPIN' JACK FLASH,2024-12-25 23:39:00,RockFM Motel
2024-12-25,23:42,SIMPLE MINDS,DON'T YOU (FORGET ABOUT ME),2024-12-25 23:42:00,RockFM Motel
2024-12-25,23:46,QUEEN,HAMMER TO FALL,2024-12-25 23:46:00,RockFM Motel
2024-12-25,23:50,DEREK & THE DOMINOS,LAYLA,2024-12-25 23:50:00,RockFM Motel
2024-12-25,23:53,JON BON JOVI,BLAZE OF GLORY,2024-12-25 23:53:00,RockFM Motel
2024-12-25,23:59,SANTANA & ROB THOMAS,SMOOTH,2024-12-25 23:59:00,RockFM Motel
